VERBERD,https://old.reddit.com/r/dadjokes/comments/rvzg8l/doctor_so_youre_telling_me_that_you_have_a/,"Doctor: ""So, you're telling me that you have a problem with one of your ears. Are you sure?"" Me: ""YES Doctor,  I'm definite. """,1,04.01.22 17:16,
MHSPres,https://old.reddit.com/r/dadjokes/comments/rvzf8h/a_grizzly_kept_talking_to_me_and_annoyed_me/,A grizzly kept talking to me and annoyed me He was unbearable,1,04.01.22 17:14,
craftworldyt,https://old.reddit.com/r/dadjokes/comments/rvz0um/i_rubbed_mayonnaise_on_my_eyes/,I rubbed mayonnaise on my eyes Oh fuck oh shit it hurts please help this is no joke it pains fuck help me already,1,04.01.22 16:57,
dynam0,https://old.reddit.com/r/dadjokes/comments/rvyn98/what_do_you_say_to_encourage_an_asteroid/,What do you say to encourage an asteroid? Go little rockstar.,1,04.01.22 16:41,
aAsm321,https://old.reddit.com/r/dadjokes/comments/rvym6x/they_always_ask_me_why_my_mood_is_always_negative/,They always ask me why my mood is always negative Just multiply by -1 üòâ,1,04.01.22 16:39,
PracticalConjecture,https://old.reddit.com/r/dadjokes/comments/rvyg3z/recently_i_started_working_with_horses/,Recently I started working with horses It's a stable job.,1,04.01.22 16:32,
Quesadiaz42,https://old.reddit.com/r/dadjokes/comments/rvxzvw/my_favorite_word_is_drool/,"My favorite word is ""drool"" Just rolls off the tongue.",1,04.01.22 16:12,
scorchedgoat,https://old.reddit.com/r/dadjokes/comments/rvxips/wheres_a_dogs_favorite_place_to_eat/,Where‚Äôs a dogs favorite place to eat? At Woofle House,1,04.01.22 15:52,
Breakevenbooks92,https://old.reddit.com/r/dadjokes/comments/rvxhqr/why_dont_oysters_share_their_pearls/,Why don't oysters share their pearls? They're shellfish üêöüòÇ!,1,04.01.22 15:51,
w0lvez__,https://old.reddit.com/r/dadjokes/comments/rvx3pz/what_do_you_call_two_guys_hanging_out_above_a/,What do you call two guys hanging out above a window? Kurt &amp; Rod,1,04.01.22 15:34,
Daudelin1,https://old.reddit.com/r/dadjokes/comments/rvwypl/me_im_not_saying_a_word_without_my_lawyer_present/,"Me: I'm not saying a word without my lawyer present! Police Officer: Umm, sir, you are the lawyer...  
Me (Lawyer): So where's my present?!",1,04.01.22 15:28,
lukaseder,https://old.reddit.com/r/dadjokes/comments/rvwl3r/what_is_a_visit_to_the_dad_joke_factory_called/,What is a visit to the dad joke factory called? Sighseeing,1,04.01.22 15:11,
show_me_the_tiddies,https://old.reddit.com/r/dadjokes/comments/rvw2gz/did_you_hear_about_the_mentally_unstable_train/,Did you hear about the mentally unstable train conductor they arrested down in Mexico? He was a serial killer with Loco-motives.,1,04.01.22 14:49,
DENelson83,https://old.reddit.com/r/dadjokes/comments/rvvzsj/what_would_you_call_a_diving_dog/,What would you call a diving dog? Scuba-doo.,1,04.01.22 14:45,
gralatus,https://old.reddit.com/r/dadjokes/comments/rvvvxh/i_run_denmarks_premier_safari_clothing_destination/,I run Denmark's premier safari clothing destination. You could say I dress the Danes down in Africa.,1,04.01.22 14:40,
DoomRulz,https://old.reddit.com/r/dadjokes/comments/rvvvo7/if_a_friend_comes_clean_about_their_std/,If a friend comes clean about their STD... Be sure to clap for them.,1,04.01.22 14:40,
MobileGamerboy,https://old.reddit.com/r/dadjokes/comments/rvvlul/what_do_you_call_the_music_genre_for_a_group_of/,What do you call the music genre for a group of Dad's who became popular dancing to their own Dad music? K-Pop,1,04.01.22 14:27,
zipflop,https://old.reddit.com/r/dadjokes/comments/rvvkna/did_you_hear_about_the_musical_duo_that_refused/,"Did you hear about the musical duo that refused to play any smooth jazz? They got done for sax evasion

-----

C'mon!! Just thought of this one and I fucking love iiiiit.",1,04.01.22 14:25,
kienonreddit,https://old.reddit.com/r/dadjokes/comments/rvvhyh/what_do_you_call_a_sword_wielding_platypus/,What do you call a sword wielding platypus? Parry the platypus,1,04.01.22 14:22,
athei-nerd,https://old.reddit.com/r/dadjokes/comments/rvv04r/a_friend_of_mine_collects_blunt_pencils/,"A friend of mine collects blunt pencils, personally I find his hobby a bit pointless.",1,04.01.22 13:58,
HammerheadMorty,https://old.reddit.com/r/dadjokes/comments/rvux6c/what_did_the_first_ant_say_to_the_second_ant/,"What did the first ant say to the second ant after he farted? It's not me, it's *deodorant*",1,04.01.22 13:54,
liamo000,https://old.reddit.com/r/dadjokes/comments/rvufp8/what_time_did_sean_connery_normally_make_it_to/,What time did Sean Connery normally make it to Wimbledon? Tennish,1,04.01.22 13:30,
D-B-Zzz,https://old.reddit.com/r/dadjokes/comments/rvuauj/tell_your_young_children_that_you_bought_them/,"Tell your young children that you bought them edible toilet paper. This way it will wipe their butt for them whenever they poop. I told this to my kids years ago when we (parents) were having to wipe their butts for them after they pooped. They thought it was very funny, they were about 6 &amp; 7 years old at the time.",1,04.01.22 13:23,
Komatoasty,https://old.reddit.com/r/dadjokes/comments/rvu5i0/what_does_forrest_gump_think_we_should_name_the/,What does Forrest Gump think we should name the next generation? Gen A,1,04.01.22 13:15,
chacham2,https://old.reddit.com/r/dadjokes/comments/rvtxik/what_sort_of_music_does_cellophane_play/,What sort of music does cellophane play? Wrap,1,04.01.22 13:04,
flinch85,https://old.reddit.com/r/dadjokes/comments/rvtt9l/someone_threw_a_bunch_of_herbs_in_my_face/,Someone threw a bunch of herbs in my face Now I‚Äôm parsley sighted.,1,04.01.22 12:58,
go_away_you_goblin,https://old.reddit.com/r/dadjokes/comments/rvtrp2/how_do_you_make_the_number_one_disappear/,How do you make the number one disappear? Just add a g and it's gone.,1,04.01.22 12:55,
DUMPSTER_CHILD2020,https://old.reddit.com/r/dadjokes/comments/rvtopf/what_do_you_say_when_a_mexican_is_in_bed/,What do you say when a Mexican is in bed? Taco-Stado,1,04.01.22 12:51,
ElBanana82,https://old.reddit.com/r/dadjokes/comments/rvth3a/christmas_present/,Christmas present I Asked my family not to give me two of the same kind for christmas. So now I look forward to get the other sock next time.,1,04.01.22 12:39,
mr_world_thin5,https://old.reddit.com/r/dadjokes/comments/rvtc2f/why_did_the_old_man_fall_in_the_well/,Why did the old man fall in the well? Because he couldn't see that well.,1,04.01.22 12:31,
i_unfriend_u,https://old.reddit.com/r/dadjokes/comments/rvt73x/what_did_yoda_say_when_he_saw_himself_in_4k/,What did Yoda say when he saw himself in 4K? HDMI,1,04.01.22 12:23,
DecIsMuchJuvenile,https://old.reddit.com/r/dadjokes/comments/rvsz8a/where_do_shoes_talk_while_they_wait_for_trains/,Where do shoes talk while they wait for trains? At the Converse station!,1,04.01.22 12:11,
TheAceofHearth,https://old.reddit.com/r/dadjokes/comments/rvsxti/why_do_astranomers_are_bad_at_eye_contact/,Why do astranomers are bad at eye contact? They tend to stare into space.,1,04.01.22 12:08,
Majestic_Natural3285,https://old.reddit.com/r/dadjokes/comments/rvsfco/how_did_the_farmer_find_his_wife/,How did the farmer find his wife? He tractor down,1,04.01.22 11:38,
Krishkai200,https://old.reddit.com/r/dadjokes/comments/rvsd9y/what_do_you_call_a_person_who_repeatedly_farts/,What do you call a person who repeatedly farts? A BadAss,1,04.01.22 11:34,
AnPubLocked,https://old.reddit.com/r/dadjokes/comments/rvsbf6/why_didnt_the_apostles_chase_jesus_after_their/,"Why didn't the apostles chase Jesus after their argument? Anytime you crossed him, he would come back 3 days later",1,04.01.22 11:31,
ZeroDoubleJump,https://old.reddit.com/r/dadjokes/comments/rvsb8t/my_sons_fourth_birthday_was_today_but_when_he/,"My son‚Äôs fourth birthday was today, but when he came to see me I didn‚Äôt recognize him at first. I‚Äôd never seen him be 4.",1,04.01.22 11:31,
ppardee,https://old.reddit.com/r/dadjokes/comments/rvs1vy/convertibles_are_the_most_coldhearted_and/,Convertibles are the most cold-hearted and merciless of cars They're roofless!,1,04.01.22 11:16,
Tronkfool,https://old.reddit.com/r/dadjokes/comments/rvrru0/nasa_wants_you_to_find_water_on_mars/,"Nasa wants you to find water on Mars. Dad getting his new 3 iron and fresh ball ""say no more"".",1,04.01.22 10:59,
DUMPSTER_CHILD2020,https://old.reddit.com/r/dadjokes/comments/rvrkh2/why_cant_dinosaurs_clap/,Why can‚Äôt dinosaurs clap? Because they‚Äôre all dead.,1,04.01.22 10:46,
808gecko808,https://old.reddit.com/r/dadjokes/comments/rvrcrg/as_we_were_walking_down_the_driveway_with_the/,"As we were walking down the driveway with the cans, I asked my son, ""Did you know there‚Äôs no official training for garbage men?"" Rolling his eyes, he responded, ""No, no I didn't."" I continued... 

""Seriously, they just pick it up as they go along!""",1,04.01.22 10:32,
anus_mcanusface,https://old.reddit.com/r/dadjokes/comments/rvr5lv/what_did_sherlock_holmes_say_when_he_found_some/,"What did Sherlock Holmes say when he found some cheese at a murder scene? It's emmental, dear Watson.",1,04.01.22 10:19,
Ok_Breakfast_5459,https://old.reddit.com/r/dadjokes/comments/rvr3t2/there_was_this_poor_clinic_for_amputees_they/,There was this poor clinic for amputees. They didn‚Äôt have enough prosthetic limbs to go around. So they resorted to arms trading,1,04.01.22 10:15,
fffutility,https://old.reddit.com/r/dadjokes/comments/rvr2af/did_you_hear_about_the_woman_in_brazil_who_was/,Did you hear about the woman in Brazil who was wrongly convicted of having an abortion? It was a miscarriage of justice,1,04.01.22 10:12,
Apprehensive-Cold314,https://old.reddit.com/r/dadjokes/comments/rvqpwl/dark_joke/,Dark joke! Better get a flash light,1,04.01.22 09:49,
mtupyro,https://old.reddit.com/r/dadjokes/comments/rvqfnm/been_a_few_years_my_kid_and_i_are_catching_up/,"Been a few years, my kid and I are catching up ....he hasnt learned to hold the glove the other way yet.",1,04.01.22 09:29,
Lil-Sunny-D,https://old.reddit.com/r/dadjokes/comments/rvq9mv/my_wife_saw_me_treating_a_stye_with_some_tea_bags/,"My wife saw me treating a stye with some tea bags and hot water. I asked if she wanted some Information Technology. ‚ÄúWhat?‚Äù ‚ÄúYou know, eye tea?‚Äù

She rolled her eyes and walked away.",1,04.01.22 09:17,
Niall895,https://old.reddit.com/r/dadjokes/comments/rvq6d0/my_stainless_steel_started_rusting/,My stainless steel started rusting It must've been a carbon copy,1,04.01.22 09:10,
wizardofoz07,https://old.reddit.com/r/dadjokes/comments/rvpr7h/when_did_the_polish_man_wake_up/,"When did the polish man wake up? At the Krak√≥w dawn

&amp;#x200B;

hehehe",1,04.01.22 08:40,
traditionalbaguette,https://old.reddit.com/r/dadjokes/comments/rvpew8/what_do_conspiracists_and_excel_have_in_common/,What do conspiracists and Excel have in common? They spreadsheet,1,04.01.22 08:17,
EluelleGames,https://old.reddit.com/r/dadjokes/comments/rvoqnq/why_was_the_last_season_of_the_office_less_popular/,Why was the last season of The Office less popular? The cast was Carellless,1,04.01.22 07:31,
robdingo36,https://old.reddit.com/r/dadjokes/comments/rvomm1/i_went_to_a_bookstore_and_asked_where_the/,"I went to a bookstore and asked where the self-help section was The clerk said that if she told me, it would defeat the purpose.",1,04.01.22 07:23,
lodiman77,https://old.reddit.com/r/dadjokes/comments/rvo634/i_had_such_high_hopes_for_the_new_year/,I had such high hopes for the New Year. Until I realized 2022 is pronounced just like 2020 too.,1,04.01.22 06:54,
Zeph_on_reddit,https://old.reddit.com/r/dadjokes/comments/rvnzkb/i_surprised_my_friend_with_a_new_car/,"I surprised my friend with a new car. I also surprised my friend with cancer.  
I just like surprising people.",1,04.01.22 06:43,
meyouwhoknew,https://old.reddit.com/r/dadjokes/comments/rvnxim/how_to_be_a_great_dad_check_below_for_my_4_keys/,"How to be a great Dad! Check below for my 4 Keys to Success. S 

U

C

E",1,04.01.22 06:40,
Acceptable-Fig-9455,https://old.reddit.com/r/dadjokes/comments/rvnkvx/what_is_the_name_of_the_boy_band_made_up_of/,"What is the name of the boy band made up of converted jews? ....Boys to Mensch. 

Oy vey",1,04.01.22 06:19,
PropMop31,https://old.reddit.com/r/dadjokes/comments/rvmyt5/i_was_really_disappointed_when_i_saw_my_moms/,I was really disappointed when I saw my Mom's sister orgasm. Such an Anticlimax,1,04.01.22 05:45,
jazzguitarma,https://old.reddit.com/r/dadjokes/comments/rvmqiu/why_are_cannibals_so_popular/,Why are cannibals so popular? People are really into them.,1,04.01.22 05:32,
jazzguitarma,https://old.reddit.com/r/dadjokes/comments/rvmm9o/did_you_hear_about_the_wizard_that_died_of_thirst/,Did you hear about the wizard that died of thirst? He'd had a dry spell.,1,04.01.22 05:26,
pacomalo69,https://old.reddit.com/r/dadjokes/comments/rvmm8w/how_do_cats_communicate_online/,How do cats communicate online? They send each other e-meows.,1,04.01.22 05:25,
jstrassburgnew,https://old.reddit.com/r/dadjokes/comments/rvmiqi/i_told_my_kids_my_superhero_name_would_be_mr_pee/,"I told my kids my super-hero name would be: Mr. Pee Pee because, if you see me, ... urine trouble!",1,04.01.22 05:20,
realzipliner09,https://old.reddit.com/r/dadjokes/comments/rvmbbj/what_did_the_banana_say_before_it_dived_into_the/,What did the banana say before it dived into the lake? I think I'll peel first.,1,04.01.22 05:09,
realzipliner09,https://old.reddit.com/r/dadjokes/comments/rvmaem/what_would_you_get_if_you_crossed_a_small_bear/,What would you get if you crossed a small bear and a cow Winnie the Moo,1,04.01.22 05:07,
Gingi0,https://old.reddit.com/r/dadjokes/comments/rvmaaz/i_bought_an_alcoholic_ginger_beer/,I bought an alcoholic ginger beer. Now she‚Äôs back at AA.,1,04.01.22 05:07,
devilwearsleecooper,https://old.reddit.com/r/dadjokes/comments/rvm9rw/people_often_ask_me_how_is_it_like_working_as_an/,People often ask me how is it like working as an elevator operator I say there‚Äôs nothing special. It has its ups and downs.,1,04.01.22 05:06,
realzipliner09,https://old.reddit.com/r/dadjokes/comments/rvm4uq/what_did_the_football_say_to_the_player/,What did the football say to the player? I get a kick out of you .,1,04.01.22 04:59,
The-onion-lord,https://old.reddit.com/r/dadjokes/comments/rvlw2i/have_you_guys_heard_of_lemon_demon/,"Have you guys heard of lemon demon All of his songs are great but ""two trucks"" is a banger",1,04.01.22 04:46,
thatcutter,https://old.reddit.com/r/dadjokes/comments/rvlrfe/did_you_hear_about_the_artists_that_got_into_a/,Did you hear about the artists that got into a fight? It ended in a draw.,1,04.01.22 04:39,
ThatMadMan68,https://old.reddit.com/r/dadjokes/comments/rvlkih/where_did_george_washington_keep_his_armies/,Where did George Washington keep his armies? In his sleevies,1,04.01.22 04:28,
Gingi0,https://old.reddit.com/r/dadjokes/comments/rvldjc/what_do_i_know_about_dwarfs/,What do I know about dwarfs? Very little.,1,04.01.22 04:18,
Gingi0,https://old.reddit.com/r/dadjokes/comments/rvla5d/my_parents_were_dwarfs/,My parents were dwarfs. For years they struggled to put food on the table.,1,04.01.22 04:13,
megafaderz720,https://old.reddit.com/r/dadjokes/comments/rvl82a/i_asked_my_friend_if_he_liked_nickleback/,I asked my friend if he liked Nickleback. He told me that he never gave me any money.,1,04.01.22 04:11,
ChocoLit_Fudge,https://old.reddit.com/r/dadjokes/comments/rvl7eb/just_read_a_book_about_stockholm_syndrome/,"Just read a book about Stockholm Syndrome. It had a bad start, but by the end I really liked it.",1,04.01.22 04:10,
BuddyAffectionate601,https://old.reddit.com/r/dadjokes/comments/rvl46t/does_anyone_want_to_buy_this_tube_of_polos_ive/,Does anyone want to buy this tube of Polos I've kept from 1972? It's in mint condition.,1,04.01.22 04:05,
Jubafish,https://old.reddit.com/r/dadjokes/comments/rvl1yz/why_do_scuba_divers_fall_backwards_into_the_water/,"Why do scuba divers fall backwards into the water? If they fell forward, they'd still be in the boat.",1,04.01.22 04:02,
Cocoa_Knollwood,https://old.reddit.com/r/dadjokes/comments/rvl1t0/how_do_you_get_a_country_girl_to_like_you/,How do you get a country girl to like you? Attract her.,1,04.01.22 04:02,
foggyhead93,https://old.reddit.com/r/dadjokes/comments/rvkxu1/why_would_a_snake_lose_in_a_shootout/,Why would a snake lose in a shootout? Because they're unarmed,1,04.01.22 03:56,
enoctis,https://old.reddit.com/r/dadjokes/comments/rvkxdq/why_do_flamingos_lift_one_leg/,"Why do flamingos lift one leg? If they lifted both, they'd fall.",10,04.01.22 03:56